LLM,Temperature,Correlation,P_value,Method,N
claude-3-opus,0.0,0.7006189124244142,1.5046273590686736e-68,spearman,456
gemini-1.5-pro,0.0,0.7851809314293139,1.548864221560355e-96,spearman,456
gpt-3.5-turbo,0.0,0.40688471292997597,1.3070380611924093e-19,spearman,456
gpt-4o,0.0,0.6811142730017511,1.8818939695035852e-63,spearman,456
